{
  "global_win_rate": 0.6315005215318135,
  "global_avg_deal_value": 2360.9093912222747
}